district_id,district_name,fiscal_year,enrollment,total_revenue,instructional_expenditures,admin_expenditures,total_expenditures,spending_per_student,admin_overhead_ratio,state_code
0500001,DEWITT SCHOOL DISTRICT,2019,1225,14823000.0,7200000,4808000,13405000,10942.86,0.6678,AR
0500006,WARREN SCHOOL DISTRICT,2019,1564,18445000.0,8459000,6453000,16603000,10615.73,0.7629,AR
0500009,CORNING SCHOOL DISTRICT,2019,895,10650000.0,4610000,3659000,9077000,10141.9,0.7937,AR
0500012,RIVERSIDE SCHOOL DISTRICT,2019,802,7993000.0,4193000,2734000,7846000,9783.04,0.652,AR
0500015,SHERIDAN SCHOOL DISTRICT,2019,4229,47219000.0,20664000,14522000,55754000,13183.73,0.7028,AR
0500016,MARMADUKE SCHOOL DISTRICT,2019,787,7549000.0,3877000,2814000,7565000,9612.45,0.7258,AR
0500017,PARAGOULD SCHOOL DISTRICT,2019,3255,36202000.0,17027000,11723000,34280000,10531.49,0.6885,AR
0500019,BATESVILLE SCHOOL DISTRICT,2019,3414,36002000.0,16021000,11151000,33405000,9784.71,0.696,AR
0500020,MIDLAND SCHOOL DISTRICT,2019,545,6662000.0,3522000,2251000,6379000,11704.59,0.6391,AR
0500021,IZARD CO. CONS. SCHOOL DIST.,2019,556,6762000.0,3226000,2187000,6012000,10812.95,0.6779,AR
0500023,NEWPORT SCHOOL DISTRICT,2019,1245,14951000.0,7206000,4527000,13321000,10699.6,0.6282,AR
0500026,PINE BLUFF SCHOOL DISTRICT,2019,3059,43974000.0,18111000,19632000,41432000,13544.3,1.084,AR
0500028,STAR CITY SCHOOL DISTRICT,2019,1509,16242000.0,7548000,6131000,18955000,12561.3,0.8123,AR
0500029,GOSNELL SCHOOL DISTRICT,2019,1215,12823000.0,7005000,4551000,12664000,10423.05,0.6497,AR
0500030,NEVADA SCHOOL DISTRICT,2019,394,4448000.0,2612000,1609000,4608000,11695.43,0.616,AR
0500032,BEARDEN SCHOOL DISTRICT,2019,488,5864000.0,3033000,2170000,6218000,12741.8,0.7155,AR
0500041,WESTERN YELL CO. SCHOOL DIST.,2019,370,4435000.0,1800000,1884000,4055000,10959.46,1.0467,AR
0500042,HAMBURG SCHOOL DISTRICT,2019,1836,18821000.0,9612000,6462000,20783000,11319.72,0.6723,AR
0500043,MOUNTAIN HOME SCHOOL DISTRICT,2019,3992,40136000.0,21536000,13921000,39451000,9882.52,0.6464,AR
0500044,MAGNOLIA SCHOOL DISTRICT,2019,2788,30095000.0,15137000,10527000,38987000,13983.86,0.6954,AR
0500045,RIVERCREST SCHOOL DISTRICT #57,2019,1149,13456000.0,6688000,4622000,13181000,11471.71,0.6911,AR
0500046,MANILA SCHOOL DISTRICT,2019,1111,11294000.0,6333000,3874000,12069000,10863.19,0.6117,AR
0500047,TRUMANN SCHOOL DISTRICT,2019,1543,17502000.0,7891000,6053000,16404000,10631.24,0.7671,AR
0500048,EAST POINSETT CO. SCHOOL DIST.,2019,735,8519000.0,3786000,2523000,7917000,10771.43,0.6664,AR
0500049,DEQUEEN SCHOOL DISTRICT,2019,2382,27679000.0,13996000,8386000,36709000,15411.0,0.5992,AR
0500051,PALESTINE-WHEATLEY SCH. DIST.,2019,828,15892000.0,3809000,2201000,17858000,21567.63,0.5778,AR
0500055,BENTON COUNTY SCHOOL OF ARTS,2019,1113,9917000.0,5019000,4029000,9678000,8695.42,0.8027,AR
0500059,ACADEMICS PLUS CHARTER SCHOOL,2019,1552,13349000.0,5177000,6133000,12283000,7914.3,1.1847,AR
0500061,IMBODEN CHARTER SCHOOL DISTRICT,2019,58,597000.0,247000,292000,562000,9689.66,1.1822,AR
0500062,KIPP DELTA PUBLIC SCHOOLS,2019,1337,17831000.0,6520000,8996000,17676000,13220.64,1.3798,AR
0500065,LAFAYETTE COUNTY SCHOOL DISTRICT,2019,545,7017000.0,3546000,3325000,7571000,13891.74,0.9377,AR
0500067,CLEVELAND COUNTY SCHOOL DIST.,2019,840,10409000.0,4633000,3447000,10750000,12797.62,0.744,AR
0500068,EMERSON-TAYLOR SCHOOL DISTRICT,2019,1034,11862000.0,6479000,4024000,11423000,11047.39,0.6211,AR
0500070,CEDAR RIDGE SCHOOL DISTRICT,2019,699,11163000.0,4786000,4044000,11120000,15908.44,0.845,AR
0500071,HILLCREST SCHOOL DISTRICT,2019,471,6026000.0,2543000,2323000,5834000,12386.41,0.9135,AR
0500072,DEER/MT. JUDEA SCHOOL DISTRICT,2019,454,5624000.0,2532000,1716000,4830000,10638.77,0.6777,AR
0500073,OUACHITA RIVER SCHOOL DISTRICT,2019,763,8463000.0,3860000,3123000,8514000,11158.58,0.8091,AR
0500074,LISA ACADEMY CHARTER,2019,2825,28043000.0,12400000,13512000,27537000,9747.61,1.0897,AR
0500076,OZARK MOUNTAIN SCHOOL DISTRICT,2019,620,8103000.0,3762000,2779000,7233000,11666.13,0.7387,AR
0500078,HAAS HALL ACADEMY,2019,1001,8676000.0,4205000,2793000,7225000,7217.78,0.6642,AR
0500079,TWO RIVERS SCHOOL DISTRICT,2019,872,10378000.0,4786000,3310000,9234000,10589.45,0.6916,AR
0500082,LAWRENCE COUNTY SCHOOL DISTRICT,2019,1002,9982000.0,5180000,3282000,15098000,15067.86,0.6336,AR
0500394,ARKANSAS VIRTUAL ACADEMY,2019,2474,19087000.0,15211000,4101000,19415000,7847.62,0.2696,AR
0500398,ESTEM HIGH CHARTER,2019,3202,29495000.0,12736000,14661000,28239000,8819.18,1.1511,AR
0500402,JACKSONVILLE LIGHTHOUSE CHARTER,2019,857,7812000.0,3336000,3566000,7559000,8820.3,1.0689,AR
0500403,LITTLE ROCK PREPARATORY ACADEMY,2019,242,3376000.0,1260000,1506000,2932000,12115.7,1.1952,AR
0500405,COSSATOT RIVER SCHOOL DISTRICT,2019,967,14098000.0,5259000,5921000,13181000,13630.82,1.1259,AR
0500406,PINE BLUFF LIGHTHOUSE ACADEMY,2019,256,3029000.0,1190000,1385000,2761000,10785.16,1.1639,AR
0500407,GRADUATE ARKANSAS SCHOOL,2019,119,1276000.0,438000,732000,1204000,10117.65,1.6712,AR
0500408,RESPONSIVE ED SOLUTIONS PREMIER HIGH SCHOOL OF LITTLE ROCK,2019,95,1079000.0,308000,667000,994000,10463.16,2.1656,AR
0500409,RESPONSIVE ED SOLUTIONS NORTHWEST ARK CLASSICAL ACADEMY,2019,1064,8823000.0,3948000,4139000,8271000,7773.5,1.0484,AR
0500411,EXALT ACADEMY OF SOUTHWEST LITTLE ROCK,2019,486,4816000.0,2242000,1691000,4284000,8814.81,0.7542,AR
0500413,CAPITOL CITY LIGHTHOUSE ACADEMY,2019,164,2247000.0,829000,1151000,2122000,12939.02,1.3884,AR
0500416,HAAS HALL BENTONVILLE,2019,356,2987000.0,1436000,1303000,2739000,7693.82,0.9074,AR
0500417,ARKANSAS CONNECTIONS ACADEMY,2019,1597,12166000.0,7253000,4540000,11793000,7384.47,0.6259,AR
0500418,FUTURE SCHOOL OF FORT SMITH,2019,226,3310000.0,1087000,819000,2257000,9986.73,0.7534,AR
0500419,JACKSONVILLE NORTH PULASKI SCHOOL DISTRICT,2019,4314,55793000.0,19700000,17531000,75888000,17591.1,0.8899,AR
0500421,SCHOLARMADE ACHIEVEMENT PLACE,2019,333,3571000.0,1236000,2050000,3453000,10369.37,1.6586,AR
0500422,SOUTHEAST ARKANSAS PREPARATORY HIGH SCHOOL,2019,107,898000.0,544000,302000,920000,8598.13,0.5551,AR
0500423,FRIENDSHIP ASPIRE ACADEMY PINE BLUFF,2019,239,2469000.0,1166000,1150000,2630000,11004.18,0.9863,AR
0500424,FRIENDSHIP ASPIRE ACADEMY LITTLE ROCK,2019,231,2854000.0,1341000,1154000,2928000,12675.32,0.8606,AR
0500425,RESPONSIVE ED SOLUTIONS PREMIER HIGH SCH OF NORTHLITTLE ROCK,2019,70,1131000.0,330000,605000,1018000,14542.86,1.8333,AR
0502250,ALMA SCHOOL DISTRICT,2019,3297,34988000.0,18031000,11620000,32977000,10002.12,0.6444,AR
0502280,ALPENA SCHOOL DISTRICT,2019,514,5272000.0,2831000,1722000,4847000,9429.96,0.6083,AR
0502430,ARKADELPHIA SCHOOL DISTRICT,2019,1815,21336000.0,10033000,7075000,20094000,11071.07,0.7052,AR
0502550,ARMOREL SCHOOL DISTRICT,2019,423,6599000.0,3237000,1680000,10279000,24300.24,0.519,AR
0502580,ASHDOWN SCHOOL DISTRICT,2019,1406,15892000.0,6950000,5901000,16566000,11782.36,0.8491,AR
0502610,ATKINS SCHOOL DISTRICT,2019,986,10625000.0,5635000,3588000,10841000,10994.93,0.6367,AR
0502670,AUGUSTA SCHOOL DISTRICT,2019,358,5754000.0,2732000,2160000,5537000,15466.48,0.7906,AR
0502700,BALD KNOB SCHOOL DISTRICT,2019,1212,13631000.0,6630000,4271000,12261000,10116.34,0.6442,AR
0502730,BARTON-LEXA SCHOOL DISTRICT,2019,733,9892000.0,4516000,2502000,14557000,19859.48,0.554,AR
0502790,BAUXITE SCHOOL DISTRICT,2019,1680,15727000.0,8274000,5057000,14754000,8782.14,0.6112,AR
0502820,BAY SCHOOL DISTRICT,2019,621,6388000.0,3312000,2219000,6088000,9803.54,0.67,AR
0502880,BEEBE SCHOOL DISTRICT,2019,3356,33893000.0,17916000,10499000,32304000,9625.74,0.586,AR
0502960,BENTON SCHOOL DISTRICT,2019,5648,60187000.0,25829000,16128000,59277000,10495.22,0.6244,AR
0503030,PEA RIDGE SCHOOL DISTRICT,2019,2271,28703000.0,11028000,8284000,38943000,17147.95,0.7512,AR
0503060,BENTONVILLE SCHOOL DISTRICT,2019,17848,217441000.0,109643000,66578000,232999000,13054.63,0.6072,AR
0503090,BERGMAN SCHOOL DISTRICT,2019,1176,10562000.0,6372000,3145000,10828000,9207.48,0.4936,AR
0503150,BERRYVILLE SCHOOL DISTRICT,2019,1880,27687000.0,10797000,7208000,33239000,17680.32,0.6676,AR
0503240,BISMARCK SCHOOL DISTRICT,2019,1017,10618000.0,5012000,3453000,9825000,9660.77,0.6889,AR
0503300,BLEVINS SCHOOL DISTRICT,2019,524,5666000.0,2784000,1853000,5136000,9801.53,0.6656,AR
0503320,BLYTHEVILLE SCHOOL DISTRICT,2019,1900,24330000.0,12021000,8813000,26254000,13817.89,0.7331,AR
0503420,LEAD HILL SCHOOL DISTRICT,2019,361,5124000.0,1890000,1902000,5120000,14182.83,1.0063,AR
0503450,BOONEVILLE SCHOOL DISTRICT,2019,1272,13929000.0,6843000,4485000,13034000,10246.86,0.6554,AR
0503480,BRADFORD SCHOOL DISTRICT,2019,494,5132000.0,2708000,1471000,4820000,9757.09,0.5432,AR
0503630,BRINKLEY SCHOOL DISTRICT,2019,511,6063000.0,2796000,2194000,5414000,10594.91,0.7847,AR
0503640,BROOKLAND SCHOOL DISTRICT,2019,2816,27043000.0,14154000,7503000,24573000,8726.21,0.5301,AR
0503690,BRYANT SCHOOL DISTRICT,2019,9459,105186000.0,53929000,32980000,126437000,13366.85,0.6115,AR
0503710,BUFFALO IS. CENTRAL SCH. DIST.,2019,766,8353000.0,4558000,2578000,8023000,10473.89,0.5656,AR
0503750,CABOT SCHOOL DISTRICT,2019,10851,103362000.0,58763000,32996000,102072000,9406.69,0.5615,AR
0503770,CADDO HILLS SCHOOL DISTRICT,2019,586,6399000.0,3324000,1994000,5995000,10230.38,0.5999,AR
0503840,CALICO ROCK SCHOOL DISTRICT,2019,371,4619000.0,2541000,1607000,4680000,12614.56,0.6324,AR
0503960,CARLISLE SCHOOL DISTRICT,2019,706,7550000.0,3907000,2564000,7151000,10128.9,0.6563,AR
0504020,WESTSIDE CONS. SCHOOL DISTRICT,2019,1814,18028000.0,9351000,5276000,16513000,9103.09,0.5642,AR
0504050,CAVE CITY SCHOOL DISTRICT,2019,1237,13828000.0,6900000,4309000,12585000,10173.81,0.6245,AR
0504080,CEDARVILLE SCHOOL DISTRICT,2019,765,8686000.0,4595000,3325000,9061000,11844.44,0.7236,AR
0504110,GENOA CENTRAL SCHOOL DISTRICT,2019,1168,11913000.0,6185000,3560000,11483000,9831.34,0.5756,AR
0504170,WHITE CO. CENTRAL SCHOOL DIST.,2019,848,8703000.0,4409000,2334000,8203000,9673.35,0.5294,AR
0504200,CHARLESTON SCHOOL DISTRICT,2019,914,9253000.0,5340000,2725000,9701000,10613.79,0.5103,AR
0504350,CLARENDON SCHOOL DISTRICT,2019,434,6936000.0,2886000,2785000,10240000,23594.47,0.965,AR
0504370,RECTOR SCHOOL DISTRICT,2019,630,6571000.0,3424000,2030000,6038000,9584.13,0.5929,AR
0504380,CLARKSVILLE SCHOOL DISTRICT,2019,2539,28683000.0,14839000,9521000,28479000,11216.62,0.6416,AR
0504410,CLINTON SCHOOL DISTRICT,2019,1346,16827000.0,8134000,5085000,15123000,11235.51,0.6252,AR
0504560,CONCORD SCHOOL DISTRICT,2019,433,6669000.0,2907000,2152000,5684000,13127.02,0.7403,AR
0504590,CONWAY SCHOOL DISTRICT,2019,10393,111293000.0,56605000,37033000,106367000,10234.48,0.6542,AR
0504680,COTTER SCHOOL DISTRICT,2019,801,7947000.0,4165000,2233000,7136000,8908.86,0.5361,AR
0504740,COUNTY LINE SCHOOL DISTRICT,2019,512,5801000.0,2854000,1504000,5694000,11121.09,0.527,AR
0504800,CROSSETT SCHOOL DISTRICT,2019,1780,20597000.0,9253000,6783000,19231000,10803.93,0.7331,AR
0504860,CUTTER-MORNING STAR SCH. DIST.,2019,695,12863000.0,3596000,2449000,19391000,27900.72,0.681,AR
0504890,DANVILLE SCHOOL DISTRICT,2019,861,9707000.0,4864000,3132000,9249000,10742.16,0.6439,AR
0504930,DARDANELLE SCHOOL DISTRICT,2019,2098,22458000.0,11760000,7120000,20960000,9990.47,0.6054,AR
0504980,DECATUR SCHOOL DISTRICT,2019,572,7494000.0,3288000,2657000,6898000,12059.44,0.8081,AR
0505170,DERMOTT SCHOOL DISTRICT,2019,349,4997000.0,2411000,1703000,4632000,13272.21,0.7063,AR
0505190,DES ARC SCHOOL DISTRICT,2019,573,6418000.0,3334000,1768000,10748000,18757.42,0.5303,AR
0505340,DIERKS SCHOOL DISTRICT,2019,543,6342000.0,3282000,1836000,5705000,10506.45,0.5594,AR
0505410,DOLLARWAY SCHOOL DISTRICT,2019,1020,14114000.0,6732000,6977000,14934000,14641.18,1.0364,AR
0505430,DOVER SCHOOL DISTRICT,2019,1344,14491000.0,6985000,4631000,13442000,10001.49,0.663,AR
0505470,DREW CENTRAL SCHOOL DISTRICT,2019,1141,12861000.0,6080000,4094000,11741000,10290.1,0.6734,AR
0505500,DUMAS SCHOOL DISTRICT,2019,1207,14874000.0,7496000,5695000,14550000,12054.68,0.7597,AR
0505550,EARLE SCHOOL DISTRICT,2019,540,8553000.0,3136000,3241000,8887000,16457.41,1.0335,AR
0505580,EAST END SCHOOL DISTRICT,2019,660,7165000.0,3875000,2244000,6973000,10565.15,0.5791,AR
0505680,EL DORADO SCHOOL DISTRICT,2019,4220,45383000.0,22033000,16447000,44820000,10620.85,0.7465,AR
0505760,ELKINS SCHOOL DISTRICT,2019,1290,14271000.0,6050000,5274000,14197000,11005.43,0.8717,AR
0505850,ENGLAND SCHOOL DISTRICT,2019,661,8008000.0,4428000,2689000,7809000,11813.92,0.6073,AR
0505970,EUREKA SPRINGS SCHOOL DISTRICT,2019,688,10392000.0,4555000,3331000,9799000,14242.73,0.7313,AR
0506060,CAMDEN FAIRVIEW SCHOOL DIST.,2019,2387,27273000.0,12596000,10653000,25497000,10681.61,0.8457,AR
0506090,FARMINGTON SCHOOL DISTRICT,2019,2556,24561000.0,13161000,7743000,25141000,9836.07,0.5883,AR
0506120,FAYETTEVILLE SCHOOL DISTRICT,2019,10628,127361000.0,71879000,38309000,131557000,12378.34,0.533,AR
0506150,FLIPPIN SCHOOL DISTRICT,2019,947,10211000.0,5151000,3086000,9068000,9575.5,0.5991,AR
0506210,FORDYCE SCHOOL DISTRICT,2019,778,10198000.0,6101000,2864000,11350000,14588.69,0.4694,AR
0506240,FOREMAN SCHOOL DISTRICT,2019,496,5998000.0,2465000,1879000,5816000,11725.81,0.7623,AR
0506270,FORREST CITY SCHOOL DISTRICT,2019,2495,27567000.0,13351000,10679000,27456000,11004.41,0.7999,AR
0506330,FORT SMITH SCHOOL DISTRICT,2019,14748,175146000.0,88001000,59054000,190456000,12914.02,0.6711,AR
0506360,FOUKE SCHOOL DISTRICT,2019,1169,12309000.0,6296000,4199000,14052000,12020.53,0.6669,AR
0506420,FOUNTAIN LAKE SCHOOL DISTRICT,2019,1407,16942000.0,8072000,5912000,16340000,11613.36,0.7324,AR
0506540,GENTRY SCHOOL DISTRICT,2019,1466,17702000.0,8479000,5723000,16273000,11100.27,0.675,AR
0506630,GLEN ROSE SCHOOL DISTRICT,2019,1063,11985000.0,6019000,3371000,13066000,12291.63,0.5601,AR
0506690,CENTERPOINT SCHOOL DISTRICT,2019,1037,10963000.0,5902000,3954000,10856000,10468.66,0.6699,AR
0506840,GRAVETTE SCHOOL DISTRICT,2019,1956,21948000.0,11797000,5971000,32495000,16612.99,0.5061,AR
0506870,GREEN FOREST SCHOOL DISTRICT,2019,1418,15447000.0,7743000,5201000,14580000,10282.09,0.6717,AR
0506900,GREENBRIER SCHOOL DISTRICT,2019,3613,37790000.0,18608000,12261000,42628000,11798.51,0.6589,AR
0506930,GREENLAND SCHOOL DISTRICT,2019,753,8971000.0,4401000,3190000,8457000,11231.08,0.7248,AR
0506990,GREENWOOD SCHOOL DISTRICT,2019,3833,38847000.0,21023000,13131000,37427000,9764.41,0.6246,AR
0507110,GURDON SCHOOL DISTRICT,2019,723,8232000.0,4118000,3014000,9302000,12865.84,0.7319,AR
0507140,GUY-PERKINS SCHOOL DISTRICT,2019,354,4359000.0,1991000,1611000,3937000,11121.47,0.8091,AR
0507170,HACKETT SCHOOL DISTRICT,2019,776,8881000.0,4377000,2719000,7980000,10283.51,0.6212,AR
0507230,HAMPTON SCHOOL DISTRICT,2019,559,7137000.0,3378000,2585000,6742000,12060.82,0.7652,AR
0507290,HARMONY GROVE SCHOOL DISTRICT,2019,982,10242000.0,5353000,3428000,10013000,10196.54,0.6404,AR
0507320,HARMONY GROVE SCHOOL DISTRICT,2019,1223,13780000.0,6495000,3885000,14051000,11488.96,0.5982,AR
0507350,HARRISBURG SCHOOL DISTRICT,2019,1129,14615000.0,7687000,4977000,15027000,13310.01,0.6475,AR
0507380,HARRISON SCHOOL DISTRICT,2019,2727,31055000.0,15144000,10647000,29506000,10819.95,0.7031,AR
0507530,HAZEN SCHOOL DISTRICT,2019,601,6627000.0,3257000,2131000,6093000,10138.1,0.6543,AR
0507560,HEBER SPRINGS SCHOOL DISTRICT,2019,1536,18149000.0,8794000,5608000,16214000,10555.99,0.6377,AR
0507620,HECTOR SCHOOL DISTRICT,2019,609,7006000.0,3188000,2244000,7532000,12367.82,0.7039,AR
0507680,HELENA/ W.HELENA SCHOOL DIST.,2019,1228,19354000.0,7631000,6628000,22541000,18355.86,0.8686,AR
0507710,HERMITAGE SCHOOL DISTRICT,2019,468,5615000.0,2616000,2103000,5652000,12076.92,0.8039,AR
0507740,CROSS COUNTY SCHOOL DISTRICT,2019,619,8046000.0,3178000,3073000,7204000,11638.13,0.967,AR
0507770,HIGHLAND SCHOOL DISTRICT,2019,1608,16960000.0,9117000,5767000,17882000,11120.65,0.6326,AR
0507840,HOPE SCHOOL DISTRICT,2019,2408,26362000.0,13308000,9401000,25361000,10531.98,0.7064,AR
0507860,HORATIO SCHOOL DISTRICT,2019,834,9350000.0,4998000,2729000,8742000,10482.01,0.546,AR
0507890,HOT SPRINGS SCHOOL DISTRICT,2019,3708,48072000.0,22933000,15039000,67388000,18173.68,0.6558,AR
0507920,JESSIEVILLE SCHOOL DISTRICT,2019,873,10982000.0,4284000,3619000,9647000,11050.4,0.8448,AR
0507990,HOXIE SCHOOL DISTRICT,2019,859,9189000.0,4685000,3017000,8609000,10022.12,0.644,AR
0508040,WEST MEMPHIS SCHOOL DISTRICT,2019,5304,62966000.0,30093000,19927000,67670000,12758.3,0.6622,AR
0508130,HUNTSVILLE SCHOOL DISTRICT,2019,2304,23803000.0,12767000,9487000,25147000,10914.5,0.7431,AR
0508240,JASPER SCHOOL DISTRICT,2019,891,11832000.0,5450000,4159000,11215000,12586.98,0.7631,AR
0508280,JONESBORO SCHOOL DISTRICT,2019,6719,78118000.0,39224000,24826000,71297000,10611.25,0.6329,AR
0508340,JUNCTION CITY SCHOOL DISTRICT,2019,683,6970000.0,3521000,2568000,6962000,10193.27,0.7293,AR
0508400,RIVERVIEW SCHOOL DISTRICT,2019,1232,14386000.0,7189000,5365000,14269000,11581.98,0.7463,AR
0508490,KIRBY SCHOOL DISTRICT,2019,404,4458000.0,2199000,1215000,3791000,9383.66,0.5525,AR
0508610,LAKE HAMILTON SCHOOL DISTRICT,2019,4467,47682000.0,24615000,15321000,45679000,10225.88,0.6224,AR
0508640,LAKESIDE SCHOOL DISTRICT (CHICOT COUNTY),2019,1002,12740000.0,6372000,4753000,12145000,12120.76,0.7459,AR
0508670,LAKESIDE SCHOOL DISTRICT,2019,3570,40704000.0,20323000,11633000,47343000,13261.34,0.5724,AR
0508700,LAMAR SCHOOL DISTRICT,2019,1396,18751000.0,7393000,3958000,20392000,14607.45,0.5354,AR
0508730,LAVACA SCHOOL DISTRICT,2019,868,8976000.0,4409000,3119000,8379000,9653.23,0.7074,AR
0508940,LINCOLN SCHOOL DISTRICT,2019,1105,13631000.0,5936000,4920000,13200000,11945.7,0.8288,AR
0509000,LITTLE ROCK SCHOOL DISTRICT,2019,23237,318372000.0,167955000,116136000,363365000,15637.35,0.6915,AR
0509060,LONOKE SCHOOL DISTRICT,2019,1725,19996000.0,9186000,6645000,18448000,10694.49,0.7234,AR
0509150,MAGAZINE SCHOOL DISTRICT,2019,590,6610000.0,3102000,1927000,5871000,9950.85,0.6212,AR
0509190,MAGNET COVE SCHOOL DIST.,2019,753,8331000.0,3833000,3006000,7981000,10598.94,0.7842,AR
0509240,MALVERN SCHOOL DISTRICT,2019,2009,27549000.0,11531000,9688000,34354000,17100.05,0.8402,AR
0509270,MAMMOTH SPRING SCHOOL DISTRICT,2019,520,5477000.0,3182000,1674000,5318000,10226.92,0.5261,AR
0509330,MANSFIELD SCHOOL DISTRICT,2019,757,8684000.0,4573000,3088000,8287000,10947.16,0.6753,AR
0509360,LEE COUNTY SCHOOL DISTRICT,2019,644,9770000.0,4040000,4737000,10299000,15992.24,1.1725,AR
0509390,MARION SCHOOL DISTRICT,2019,4021,44535000.0,22621000,15627000,45694000,11363.84,0.6908,AR
0509420,MARKED TREE SCHOOL DISTRICT,2019,508,8501000.0,2696000,2059000,10417000,20505.91,0.7637,AR
0509480,SEARCY COUNTY SCHOOL DISTRICT,2019,843,10671000.0,5261000,3876000,10146000,12035.59,0.7367,AR
0509510,MARVELL SCHOOL DISTRICT,2019,364,5522000.0,2378000,2515000,8241000,22640.11,1.0576,AR
0509540,MAYFLOWER SCHOOL DISTRICT,2019,1085,11526000.0,5526000,4069000,14641000,13494.01,0.7363,AR
0509570,MAYNARD SCHOOL DISTRICT,2019,546,5421000.0,2714000,1700000,4902000,8978.02,0.6264,AR
0509600,MCCRORY SCHOOL DISTRICT,2019,620,6833000.0,3977000,2251000,7468000,12045.16,0.566,AR
0509630,MCGEHEE SCHOOL DISTRICT,2019,1195,14467000.0,7164000,4746000,14720000,12317.99,0.6625,AR
0509720,MELBOURNE SCHOOL DISTRICT,2019,931,9535000.0,5242000,2801000,9511000,10215.9,0.5343,AR
0509750,MENA SCHOOL DISTRICT,2019,1763,18845000.0,9501000,6143000,17831000,10114.01,0.6466,AR
0509780,MINERAL SPRINGS SCHOOL DIST.,2019,411,8339000.0,3764000,3100000,8079000,19656.93,0.8236,AR
0509840,MONTICELLO SCHOOL DISTRICT,2019,1844,21037000.0,10950000,6882000,19800000,10737.53,0.6285,AR
0509990,MOUNT IDA SCHOOL DISTRICT,2019,447,5709000.0,2886000,1939000,5519000,12346.76,0.6719,AR
0510080,MT. VERNON/ENOLA SCHOOL DIST.,2019,545,5583000.0,2703000,1850000,5881000,10790.83,0.6844,AR
0510170,MOUNTAIN PINE SCHOOL DISTRICT,2019,604,7439000.0,3484000,3076000,7275000,12044.7,0.8829,AR
0510200,MOUNTAIN VIEW SCHOOL DISTRICT,2019,1643,17380000.0,10607000,5396000,17394000,10586.73,0.5087,AR
0510260,MOUNTAINBURG SCHOOL DISTRICT,2019,659,7468000.0,3610000,2779000,7065000,10720.79,0.7698,AR
0510290,MULBERRY SCHOOL DISTRICT,2019,461,5413000.0,2410000,2141000,7954000,17253.8,0.8884,AR
0510320,SOUTH PIKE COUNTY SCHOOL DISTRICT,2019,711,8169000.0,4476000,3159000,8164000,11482.42,0.7058,AR
0510380,NASHVILLE SCHOOL DISTRICT,2019,1924,20822000.0,11327000,6370000,20164000,10480.25,0.5624,AR
0510410,NEMO VISTA SCHOOL DISTRICT,2019,515,5842000.0,3019000,2302000,5933000,11520.39,0.7625,AR
0510440,NETTLETON SCHOOL DISTRICT,2019,3717,43028000.0,20906000,14129000,39489000,10623.89,0.6758,AR
0510560,NORFORK SCHOOL DISTRICT,2019,423,5363000.0,2556000,1620000,4634000,10955.08,0.6338,AR
0510680,N. LITTLE ROCK SCHOOL DISTRICT,2019,8681,105083000.0,54507000,34209000,100267000,11550.17,0.6276,AR
0510920,OMAHA SCHOOL DISTRICT,2019,435,5010000.0,2863000,1671000,5138000,11811.49,0.5837,AR
0510950,OSCEOLA SCHOOL DISTRICT,2019,1147,17128000.0,6297000,7100000,15312000,13349.61,1.1275,AR
0510980,OUACHITA SCHOOL DISTRICT,2019,549,5569000.0,2405000,2307000,5212000,9493.62,0.9593,AR
0511010,OZARK SCHOOL DISTRICT,2019,1767,19565000.0,10014000,6178000,17997000,10185.06,0.6169,AR
0511070,PANGBURN SCHOOL DISTRICT,2019,804,10751000.0,4330000,2776000,8113000,10090.8,0.6411,AR
0511130,PARIS SCHOOL DISTRICT,2019,1072,12072000.0,5823000,4450000,11672000,10888.06,0.7642,AR
0511220,PARKERS CHAPEL SCHOOL DIST.,2019,881,8144000.0,4346000,2585000,8437000,9576.62,0.5948,AR
0511340,PERRYVILLE SCHOOL DISTRICT,2019,913,9307000.0,5126000,3117000,9371000,10263.96,0.6081,AR
0511370,PIGGOTT SCHOOL DISTRICT,2019,881,9224000.0,4883000,2557000,8467000,9610.67,0.5237,AR
0511610,POCAHONTAS SCHOOL DISTRICT,2019,2122,25526000.0,11361000,5535000,30165000,14215.36,0.4872,AR
0511700,POTTSVILLE SCHOOL DISTRICT,2019,1762,18069000.0,10043000,4782000,17086000,9696.94,0.4762,AR
0511730,POYEN SCHOOL DISTRICT,2019,602,5754000.0,3056000,1968000,5497000,9131.23,0.644,AR
0511760,PRAIRIE GROVE SCHOOL DISTRICT,2019,2058,20494000.0,10567000,5980000,19323000,9389.21,0.5659,AR
0511820,PRESCOTT SCHOOL DISTRICT,2019,916,10992000.0,5192000,3911000,10615000,11588.43,0.7533,AR
0511850,PULASKI CO. SPEC. SCHOOL DIST.,2019,12274,160853000.0,76283000,64209000,180089000,14672.4,0.8417,AR
0511880,QUITMAN SCHOOL DISTRICT,2019,746,9395000.0,4281000,2343000,7821000,10483.91,0.5473,AR
0511970,ROGERS SCHOOL DISTRICT,2019,16053,191805000.0,87529000,63200000,215626000,13432.13,0.722,AR
0512000,ROSE BUD SCHOOL DISTRICT,2019,766,8835000.0,4590000,3184000,9538000,12451.7,0.6937,AR
0512060,RUSSELLVILLE SCHOOL DISTRICT,2019,5439,67465000.0,33811000,22363000,63774000,11725.32,0.6614,AR
0512090,SALEM SCHOOL DISTRICT,2019,841,8833000.0,4402000,2599000,8639000,10272.29,0.5904,AR
0512180,SCRANTON SCHOOL DISTRICT,2019,450,4801000.0,2263000,1602000,4234000,9408.89,0.7079,AR
0512210,SEARCY SCHOOL DISTRICT,2019,4017,43239000.0,21845000,12148000,40522000,10087.63,0.5561,AR
0512420,SHIRLEY SCHOOL DISTRICT,2019,350,4897000.0,2247000,1508000,4202000,12005.71,0.6711,AR
0512450,SILOAM SPRINGS SCHOOL DISTRICT,2019,4511,49527000.0,24338000,16046000,46452000,10297.5,0.6593,AR
0512480,SLOAN-HENDRIX SCHOOL DIST.,2019,737,9132000.0,3531000,2606000,10473000,14210.31,0.738,AR
0512510,SMACKOVER SCHOOL DISTRICT,2019,1143,12483000.0,6536000,4712000,12329000,10786.53,0.7209,AR
0512520,SO. CONWAY CO. SCHOOL DISTRICT,2019,2362,28165000.0,12708000,9508000,33129000,14025.83,0.7482,AR
0512540,SOUTHSIDE SCHOOL DISTRICT,2019,2242,21429000.0,9803000,7007000,20071000,8952.27,0.7148,AR
0512570,SOUTH SIDE SCHOOL DISTRICT,2019,536,7839000.0,4085000,2558000,7498000,13988.81,0.6262,AR
0512630,SPRING HILL SCHOOL DISTRICT,2019,589,6155000.0,3224000,1808000,6195000,10517.83,0.5608,AR
0512660,SPRINGDALE SCHOOL DISTRICT,2019,23470,259506000.0,138865000,81150000,270055000,11506.39,0.5844,AR
0512930,STRONG-HUTTIG SCHOOL DISTRICT,2019,304,4246000.0,2424000,1531000,4270000,14046.05,0.6316,AR
0512960,STUTTGART SCHOOL DISTRICT,2019,1600,17488000.0,8450000,5982000,16572000,10357.5,0.7079,AR
0513080,GREENE CO. TECH SCHOOL DIST.,2019,3844,38672000.0,19847000,13238000,36211000,9420.14,0.667,AR
0513110,TEXARKANA SCHOOL DISTRICT,2019,4070,51585000.0,24391000,19105000,60290000,14813.27,0.7833,AR
0513230,JACKSON CO. SCHOOL DISTRICT,2019,950,9710000.0,4964000,3130000,9770000,10284.21,0.6305,AR
0513350,VALLEY SPRINGS SCHOOL DISTRICT,2019,885,9521000.0,4396000,3293000,14009000,15829.38,0.7491,AR
0513380,VALLEY VIEW SCHOOL DISTRICT,2019,2965,31032000.0,16841000,8834000,29555000,9967.96,0.5246,AR
0513410,VAN BUREN SCHOOL DISTRICT,2019,5737,66097000.0,31852000,19510000,66557000,11601.36,0.6125,AR
0513530,VILONIA SCHOOL DISTRICT,2019,3160,31063000.0,16435000,10744000,31395000,9935.13,0.6537,AR
0513560,VIOLA SCHOOL DISTRICT,2019,357,4515000.0,2594000,1393000,4355000,12198.88,0.537,AR
0513680,WALDRON SCHOOL DISTRICT,2019,1573,16233000.0,9032000,5267000,15872000,10090.27,0.5831,AR
0513930,WATSON CHAPEL SCHOOL DISTRICT,2019,2233,25029000.0,10865000,11205000,23776000,10647.56,1.0313,AR
0514010,WEST FORK SCHOOL DISTRICT,2019,1044,11239000.0,4999000,3700000,10863000,10405.17,0.7401,AR
0514020,WESTSIDE SCHOOL DISTRICT,2019,637,7283000.0,3585000,2268000,6649000,10437.99,0.6326,AR
0514040,WEST SIDE SCHOOL DISTRICT,2019,485,8348000.0,3659000,2317000,8143000,16789.69,0.6332,AR
0514140,WHITE HALL SCHOOL DISTRICT,2019,2970,30474000.0,14985000,10194000,28164000,9482.83,0.6803,AR
0514370,WONDERVIEW SCHOOL DISTRICT,2019,473,5312000.0,2918000,1519000,4990000,10549.68,0.5206,AR
0514400,WOODLAWN SCHOOL DISTRICT,2019,555,5475000.0,2942000,1741000,5587000,10066.67,0.5918,AR
0514430,WYNNE SCHOOL DISTRICT,2019,2635,26952000.0,14922000,8562000,25899000,9828.84,0.5738,AR
0514490,YELLVILLE-SUMMIT SCHOOL DIST.,2019,907,9987000.0,4525000,3255000,9011000,9934.95,0.7193,AR
